<?xml version="1.0" encoding="UTF-8"?>
<!DOCTYPE pedidos SYSTEM "./dtd.dtd">
<pedidos>
    <pedido>
        <numero>1</numero>
        <nombre>Jeffry</nombre>
        <apellido>Mumford</apellido>
        <telefono>329-91-6487</telefono>
        <direccion>
            <calle>Loeprich</calle>
            <ciudad>Águas de Lindóia</ciudad>
            <codigo_postal>13940-000</codigo_postal>
            <provincia>Cañar</provincia>
        </direccion>
        <email>jmumford0@hatena.ne.jp</email>
        <fecha_inclusion>
            <fecha>18-02-2021</fecha>
            <año>2021</año>
            <trimestre>1</trimestre>
        </fecha_inclusion>
        <datosPedido>
            <id_pedido>1</id_pedido>
            <fecha_compra>20-02-2021</fecha_compra>
            <fecha_entrega>24-02-2021</fecha_entrega>
            <total_factura>180€</total_factura>
            <producto>
                <nombre_producto>Camiseta Authentic Campeones CWC</nombre_producto>
                <referencia>01</referencia>
                <precio>180€</precio>
                <unidades>1</unidades>
            </producto>
        </datosPedido>
    </pedido>
    <pedido>
        <numero>2</numero>
        <nombre>Beatriz</nombre>
        <apellido>Huntress</apellido>
        <telefono>514-52-3644</telefono>
        <direccion>
            <calle>Kropf</calle>
            <ciudad>Zhoujia</ciudad>
            <codigo_postal>12130-00</codigo_postal>
            <provincia>Ambato</provincia>
        </direccion>
        <email>bhuntress1@intel.com</email>
        <fecha_inclusion>
            <fecha>26-02-2021</fecha>
            <año>2021</año>
            <trimestre>1</trimestre>
        </fecha_inclusion>
        <datosPedido>
            <id_pedido>2</id_pedido>
            <fecha_compra>12-03-2021</fecha_compra>
            <fecha_entrega>18-03-2021</fecha_entrega>
            <total_factura>140€</total_factura>
            <producto>
                <nombre_producto>Camiseta Authentic Hombre Primera Equipacion</nombre_producto>
                <referencia>01</referencia>
                <precio>140€</precio>
                <unidades>1</unidades>
            </producto>
        </datosPedido>
    </pedido>
    <pedido>
        <numero>3</numero>
        <nombre>Joice</nombre>
        <apellido>Coult</apellido>
        <telefono>605-82-2588</telefono>
        <direccion>
            <calle>Esch</calle>
            <ciudad>Wuxue Shi</ciudad>
            <codigo_postal>1305-24</codigo_postal>
            <provincia>Shinae</provincia>
        </direccion>
        <email>jcoult2@china.com.cn</email>
        <fecha_inclusion>
            <fecha>20-01-2021</fecha>
            <año>2021</año>
            <trimestre>1</trimestre>
        </fecha_inclusion>
        <datosPedido>
            <id_pedido>3</id_pedido>
            <fecha_compra>20-03-2021</fecha_compra>
            <fecha_entrega>30-03-2021</fecha_entrega>
            <total_factura>90€</total_factura>
            <producto>
                <nombre_producto>Camiseta Hombre Segunda Equipacion Morada</nombre_producto>
                <referencia>01</referencia>
                <precio>90€</precio>
                <unidades>1</unidades>
            </producto>
        </datosPedido>
    </pedido>
    <pedido>
        <numero>4</numero>
        <nombre>Arabela</nombre>
        <apellido>Dorr</apellido>
        <telefono>561-23-5242</telefono>
        <direccion>
            <calle>Schlimgen</calle>
            <ciudad>Loudi</ciudad>
            <codigo_postal>2312-2928</codigo_postal>
            <provincia>Poiser</provincia>
        </direccion>
        <email>adorr3@reuters.com</email>
        <fecha_inclusion>
            <fecha>1-04-2021</fecha>
            <año>2021</año>
            <trimestre>1</trimestre>
        </fecha_inclusion>
        <datosPedido>
            <id_pedido>4</id_pedido>
            <fecha_compra>5-04-2021</fecha_compra>
            <fecha_entrega>7-04-2021</fecha_entrega>
            <total_factura>140€</total_factura>
            <producto>
                <nombre_producto>Camiseta Authentic Hombre Tercera Equipacion</nombre_producto>
                <referencia>01</referencia>
                <precio>140€</precio>
                <unidades>1</unidades>
            </producto>
        </datosPedido>
    </pedido>
    <pedido>
        <numero>5</numero>
        <nombre>Lulu</nombre>
        <apellido>O'Hern</apellido>
        <telefono>892-19-4653</telefono>
        <direccion>
            <calle>Claremont</calle>
            <ciudad>San Francisco de Coray</ciudad>
            <codigo_postal>26336-233</codigo_postal>
            <provincia>Ontanas</provincia>
        </direccion>
        <email>lohern4@noaa.gov</email>
        <fecha_inclusion>
            <fecha>18-04-2021</fecha>
            <año>2021</año>
            <trimestre>1</trimestre>
        </fecha_inclusion>
        <datosPedido>
            <id_pedido>5</id_pedido>
            <fecha_compra>20-04-2021</fecha_compra>
            <fecha_entrega>25-04-2021</fecha_entrega>
            <total_factura>50€</total_factura>
            <producto>
                <nombre_producto>Polo Hombre Azul</nombre_producto>
                <referencia>01</referencia>
                <precio>50€</precio>
                <unidades>1</unidades>
            </producto>
        </datosPedido>
    </pedido>
    <pedido>
        <numero>6</numero>
        <nombre>Gae</nombre>
        <apellido>Newburn</apellido>
        <telefono>433-40-4314</telefono>
        <direccion>
            <calle>Eagle Crest</calle>
            <ciudad>Boundiali</ciudad>
            <codigo_postal>32845-22</codigo_postal>
            <provincia>soriers</provincia>
        </direccion>
        <email>gnewburn5@moonfruit.com</email>
        <fecha_inclusion>
            <fecha>13-02-2021</fecha>
            <año>2021</año>
            <trimestre>1</trimestre>
        </fecha_inclusion>
        <datosPedido>
            <id_pedido>6</id_pedido>
            <fecha_compra>26-04-2021</fecha_compra>
            <fecha_entrega>30-04-2021</fecha_entrega>
            <total_factura>45€</total_factura>
            <producto>
                <nombre_producto>Camiseta Cuello Redondo Hombre</nombre_producto>
                <referencia>01</referencia>
                <precio>45€</precio>
                <unidades>1</unidades>
            </producto>
        </datosPedido>
    </pedido>
    <pedido>
        <numero>7</numero>
        <nombre>Jed</nombre>
        <apellido>Matveyev</apellido>
        <telefono>277-88-3370</telefono>
        <direccion>
            <calle>Spohn</calle>
            <ciudad>Garland</ciudad>
            <codigo_postal>75049</codigo_postal>
            <provincia>Texas</provincia>
        </direccion>
        <email>jmatveyev6@vistaprint.com</email>
        <fecha_inclusion>
            <fecha>25-04-2021</fecha>
            <año>2021</año>
            <trimestre>1</trimestre>
        </fecha_inclusion>
        <datosPedido>
            <id_pedido>7</id_pedido>
            <fecha_compra>25-04-2021</fecha_compra>
            <fecha_entrega>30-04-2021</fecha_entrega>
            <total_factura>65€</total_factura>
            <producto>
                <nombre_producto>Pantalon Chandal Adidas Hombre</nombre_producto>
                <referencia>01</referencia>
                <precio>65€</precio>
                <unidades>1</unidades>
            </producto>
        </datosPedido>
    </pedido>
    <pedido>
        <numero>8</numero>
        <nombre>Cynthie</nombre>
        <apellido>Leonard</apellido>
        <telefono>175-64-1047</telefono>
        <direccion>
            <calle>Eastwood</calle>
            <ciudad>Pangai</ciudad>
            <codigo_postal>24568</codigo_postal>
            <provincia>Dupier</provincia>
        </direccion>
        <email>cleonard7@miitbeian.gov.cn</email>
        <fecha_inclusion>
            <fecha>1-05-2021</fecha>
            <año>2021</año>
            <trimestre>1</trimestre>
        </fecha_inclusion>
        <datosPedido>
            <id_pedido>8</id_pedido>
            <fecha_compra>2-05-2021</fecha_compra>
            <fecha_entrega>5-05-2021</fecha_entrega>
            <total_factura>65€</total_factura>
            <producto>
                <nombre_producto>Mochila Adaptable Negra Lima Bernabeu</nombre_producto>
                <referencia>01</referencia>
                <precio>65€</precio>
                <unidades>1</unidades>
            </producto>
        </datosPedido>
    </pedido>
    <pedido>
        <numero>9</numero>
        <nombre>Vinny</nombre>
        <apellido>Johannesson</apellido>
        <telefono>590-64-0534</telefono>
        <direccion>
            <calle>Mccormick</calle>
            <ciudad>Ash Shaddādah</ciudad>
            <codigo_postal>67342-09</codigo_postal>
            <provincia>Salae-Mahidi</provincia>
        </direccion>
        <email>vjohannesson8@posterous.com</email>
        <fecha_inclusion>
            <fecha>2-05-2021</fecha>
            <año>2021</año>
            <trimestre>1</trimestre>
        </fecha_inclusion>
        <datosPedido>
            <id_pedido>9</id_pedido>
            <fecha_compra>2-05-2021</fecha_compra>
            <fecha_entrega>5-05-2021</fecha_entrega>
            <total_factura>90€</total_factura>
            <producto>
                <nombre_producto>Camiseta Adidas Hombre Portero Azul</nombre_producto>
                <referencia>01</referencia>
                <precio>90€</precio>
                <unidades>1</unidades>
            </producto>
        </datosPedido>
    </pedido>
    <pedido>
        <numero>10</numero>
        <nombre>Dave</nombre>
        <apellido>Trebbett</apellido>
        <telefono>402-73-7097</telefono>
        <direccion>
            <calle>Farragut</calle>
            <ciudad>Bryukhovetskaya</ciudad>
            <codigo_postal>352762</codigo_postal>
            <provincia>kotheoskyas</provincia>
        </direccion>
        <email>dtrebbett9@earthlink.net</email>
        <fecha_inclusion>
            <fecha>4-05-2021</fecha>
            <año>2021</año>
            <trimestre>1</trimestre>
        </fecha_inclusion>
        <datosPedido>
            <id_pedido>10</id_pedido>
            <fecha_compra>4-05-2021</fecha_compra>
            <fecha_entrega>7-05-2021</fecha_entrega>
            <total_factura>90€</total_factura>
            <producto>
                <nombre_producto>Camiseta Adidas Hombre Portero Azul</nombre_producto>
                <referencia>01</referencia>
                <precio>90€</precio>
                <unidades>1</unidades>
            </producto>
        </datosPedido>
    </pedido>
    <pedido>
        <numero>11</numero>
        <nombre>Jeffry</nombre>
        <apellido>Mumford</apellido>
        <telefono>329-91-6487</telefono>
        <direccion>
            <calle>Loeprich</calle>
            <ciudad>Águas de Lindóia</ciudad>
            <codigo_postal>13940-000</codigo_postal>
            <provincia>Cañar</provincia>
        </direccion>
        <email>jmumford0@hatena.ne.jp</email>
        <fecha_inclusion>
            <fecha>18-02-2021</fecha>
            <año>2021</año>
            <trimestre>2</trimestre>
        </fecha_inclusion>
        <datosPedido>
            <id_pedido>11</id_pedido>
            <fecha_compra>20-02-2021</fecha_compra>
            <fecha_entrega>24-02-2021</fecha_entrega>
            <total_factura>180€</total_factura>
            <producto>
                <nombre_producto>Camiseta Authentic Hombre Primera Equipacion</nombre_producto>
                <referencia>01</referencia>
                <precio>140€</precio>
                <unidades>2</unidades>
            </producto>
        </datosPedido>
    </pedido>
    <pedido>
        <numero>12</numero>
        <nombre>Beatriz</nombre>
        <apellido>Huntress</apellido>
        <telefono>514-52-3644</telefono>
        <direccion>
            <calle>Kropf</calle>
            <ciudad>Zhoujia</ciudad>
            <codigo_postal>12130-00</codigo_postal>
            <provincia>Ambato</provincia>
        </direccion>
        <email>bhuntress1@intel.com</email>
        <fecha_inclusion>
            <fecha>26-02-2021</fecha>
            <año>2021</año>
            <trimestre>2</trimestre>
        </fecha_inclusion>
        <datosPedido>
            <id_pedido>12</id_pedido>
            <fecha_compra>12-03-2021</fecha_compra>
            <fecha_entrega>18-03-2021</fecha_entrega>
            <total_factura>90€</total_factura>
            <producto>
                <nombre_producto>Camiseta Hombre Segunda Equipacion Morada</nombre_producto>
                <referencia>01</referencia>
                <precio>90€</precio>
                <unidades>1</unidades>
            </producto>
        </datosPedido>
    </pedido>
    <pedido>
        <numero>13</numero>
        <nombre>Joice</nombre>
        <apellido>Coult</apellido>
        <telefono>605-82-2588</telefono>
        <direccion>
            <calle>Esch</calle>
            <ciudad>Wuxue Shi</ciudad>
            <codigo_postal>1305-24</codigo_postal>
            <provincia>Shinae</provincia>
        </direccion>
        <email>jcoult2@china.com.cn</email>
        <fecha_inclusion>
            <fecha>20-01-2021</fecha>
            <año>2021</año>
            <trimestre>2</trimestre>
        </fecha_inclusion>
        <datosPedido>
            <id_pedido>13</id_pedido>
            <fecha_compra>20-03-2021</fecha_compra>
            <fecha_entrega>30-03-2021</fecha_entrega>
            <total_factura>140€</total_factura>
            <producto>
                <nombre_producto>Camiseta Authentic Hombre Tercera Equipacion</nombre_producto>
                <referencia>01</referencia>
                <precio>140€</precio>
                <unidades>1</unidades>
            </producto>
        </datosPedido>
    </pedido>
    <pedido>
        <numero>14</numero>
        <nombre>Arabela</nombre>
        <apellido>Dorr</apellido>
        <telefono>561-23-5242</telefono>
        <direccion>
            <calle>Schlimgen</calle>
            <ciudad>Loudi</ciudad>
            <codigo_postal>2312-2928</codigo_postal>
            <provincia>Poiser</provincia>
        </direccion>
        <email>adorr3@reuters.com</email>
        <fecha_inclusion>
            <fecha>1-04-2021</fecha>
            <año>2021</año>
            <trimestre>2</trimestre>
        </fecha_inclusion>
        <datosPedido>
            <id_pedido>14</id_pedido>
            <fecha_compra>5-04-2021</fecha_compra>
            <fecha_entrega>7-04-2021</fecha_entrega>
            <total_factura>250€</total_factura>
            <producto>
                <nombre_producto>Polo Hombre Azul</nombre_producto>
                <referencia>01</referencia>
                <precio>50€</precio>
                <unidades>5</unidades>
            </producto>
        </datosPedido>
    </pedido>
    <pedido>
        <numero>15</numero>
        <nombre>Lulu</nombre>
        <apellido>O'Hern</apellido>
        <telefono>892-19-4653</telefono>
        <direccion>
            <calle>Claremont</calle>
            <ciudad>San Francisco de Coray</ciudad>
            <codigo_postal>26336-233</codigo_postal>
            <provincia>Ontanas</provincia>
        </direccion>
        <email>lohern4@noaa.gov</email>
        <fecha_inclusion>
            <fecha>18-04-2021</fecha>
            <año>2021</año>
            <trimestre>2</trimestre>
        </fecha_inclusion>
        <datosPedido>
            <id_pedido>15</id_pedido>
            <fecha_compra>20-04-2021</fecha_compra>
            <fecha_entrega>25-04-2021</fecha_entrega>
            <total_factura>140€</total_factura>
            <producto>
                <nombre_producto>Camiseta Authentic Hombre Tercera Equipacion</nombre_producto>
                <referencia>01</referencia>
                <precio>140€</precio>
                <unidades>1</unidades>
            </producto>
        </datosPedido>
    </pedido>
    <pedido>
        <numero>16</numero>
        <nombre>Gae</nombre>
        <apellido>Newburn</apellido>
        <telefono>433-40-4314</telefono>
        <direccion>
            <calle>Eagle Crest</calle>
            <ciudad>Boundiali</ciudad>
            <codigo_postal>32845-22</codigo_postal>
            <provincia>soriers</provincia>
        </direccion>
        <email>gnewburn5@moonfruit.com</email>
        <fecha_inclusion>
            <fecha>13-02-2021</fecha>
            <año>2021</año>
            <trimestre>2</trimestre>
        </fecha_inclusion>
        <datosPedido>
            <id_pedido>16</id_pedido>
            <fecha_compra>26-04-2021</fecha_compra>
            <fecha_entrega>30-04-2021</fecha_entrega>
            <total_factura>90€</total_factura>
            <producto>
                <nombre_producto>Camiseta Adidas Hombre Portero Azul</nombre_producto>
                <referencia>01</referencia>
                <precio>90€</precio>
                <unidades>1</unidades>
            </producto>
        </datosPedido>
    </pedido>
    <pedido>
        <numero>17</numero>
        <nombre>Jed</nombre>
        <apellido>Matveyev</apellido>
        <telefono>277-88-3370</telefono>
        <direccion>
            <calle>Spohn</calle>
            <ciudad>Garland</ciudad>
            <codigo_postal>75049</codigo_postal>
            <provincia>Texas</provincia>
        </direccion>
        <email>jmatveyev6@vistaprint.com</email>
        <fecha_inclusion>
            <fecha>25-04-2021</fecha>
            <año>2021</año>
            <trimestre>2</trimestre>
        </fecha_inclusion>
        <datosPedido>
            <id_pedido>17</id_pedido>
            <fecha_compra>25-04-2021</fecha_compra>
            <fecha_entrega>30-04-2021</fecha_entrega>
            <total_factura>130€</total_factura>
            <producto>
                <nombre_producto>Mochila Adaptable Negra Lima Bernabeu</nombre_producto>
                <referencia>01</referencia>
                <precio>65€</precio>
                <unidades>2</unidades>
            </producto>
        </datosPedido>
    </pedido>
    <pedido>
        <numero>18</numero>
        <nombre>Cynthie</nombre>
        <apellido>Leonard</apellido>
        <telefono>175-64-1047</telefono>
        <direccion>
            <calle>Eastwood</calle>
            <ciudad>Pangai</ciudad>
            <codigo_postal>24568</codigo_postal>
            <provincia>Dupier</provincia>
        </direccion>
        <email>cleonard7@miitbeian.gov.cn</email>
        <fecha_inclusion>
            <fecha>1-05-2021</fecha>
            <año>2021</año>
            <trimestre>2</trimestre>
        </fecha_inclusion>
        <datosPedido>
            <id_pedido>18</id_pedido>
            <fecha_compra>2-05-2021</fecha_compra>
            <fecha_entrega>5-05-2021</fecha_entrega>
            <total_factura>280€</total_factura>
            <producto>
                <nombre_producto>Camiseta Niños Primera Equipacion</nombre_producto>
                <referencia>01</referencia>
                <precio>70€</precio>
                <unidades>4</unidades>
            </producto>
        </datosPedido>
    </pedido>
    <pedido>
        <numero>19</numero>
        <nombre>Vinny</nombre>
        <apellido>Johannesson</apellido>
        <telefono>590-64-0534</telefono>
        <direccion>
            <calle>Mccormick</calle>
            <ciudad>Ash Shaddādah</ciudad>
            <codigo_postal>67342-09</codigo_postal>
            <provincia>Salae-Mahidi</provincia>
        </direccion>
        <email>vjohannesson8@posterous.com</email>
        <fecha_inclusion>
            <fecha>2-05-2021</fecha>
            <año>2021</año>
            <trimestre>2</trimestre>
        </fecha_inclusion>
        <datosPedido>
            <id_pedido>19</id_pedido>
            <fecha_compra>2-05-2021</fecha_compra>
            <fecha_entrega>5-05-2021</fecha_entrega>
            <total_factura>90€</total_factura>
            <producto>
                <nombre_producto>Chandal Hombre RMCF Azul Marino/Blanco</nombre_producto>
                <referencia>01</referencia>
                <precio>90€</precio>
                <unidades>1</unidades>
            </producto>
        </datosPedido>
    </pedido>
    <pedido>
        <numero>20</numero>
        <nombre>Dave</nombre>
        <apellido>Trebbett</apellido>
        <telefono>402-73-7097</telefono>
        <direccion>
            <calle>Farragut</calle>
            <ciudad>Bryukhovetskaya</ciudad>
            <codigo_postal>352762</codigo_postal>
            <provincia>kotheoskyas</provincia>
        </direccion>
        <email>dtrebbett9@earthlink.net</email>
        <fecha_inclusion>
            <fecha>4-05-2021</fecha>
            <año>2021</año>
            <trimestre>2</trimestre>
        </fecha_inclusion>
        <datosPedido>
            <id_pedido>20</id_pedido>
            <fecha_compra>4-05-2021</fecha_compra>
            <fecha_entrega>7-05-2021</fecha_entrega>
            <total_factura>75€</total_factura>
            <producto>
                <nombre_producto>Sudadera Tecnica Adidas Hombre</nombre_producto>
                <referencia>01</referencia>
                <precio>75€</precio>
                <unidades>1</unidades>
            </producto>
        </datosPedido>
    </pedido>
    <pedido>
        <numero>21</numero>
        <nombre>Shell</nombre>
        <apellido>Dutton</apellido>
        <telefono>748-06-1437</telefono>
        <direccion>
            <calle>Stephen</calle>
            <ciudad>Tegallega</ciudad>
            <codigo_postal>23408</codigo_postal>
            <provincia>Luisiana</provincia>
        </direccion>
        <email>sdutton0@state.gov</email>
        <fecha_inclusion>
            <fecha>12-05-2021</fecha>
            <año>2021</año>
            <trimestre>3</trimestre>
        </fecha_inclusion>
        <datosPedido>
            <id_pedido>21</id_pedido>
            <fecha_compra>13-05-2021</fecha_compra>
            <fecha_entrega>15-05-2021</fecha_entrega>
            <total_factura>45€</total_factura>
            <producto>
                <nombre_producto>Pantalón Corto Técnico Adidas Hombre</nombre_producto>
                <referencia>01</referencia>
                <precio>45€</precio>
                <unidades>1</unidades>
            </producto>
        </datosPedido>
    </pedido>
    <pedido>
        <numero>22</numero>
        <nombre>Beatriz</nombre>
        <apellido>Huntress</apellido>
        <telefono>514-52-3644</telefono>
        <direccion>
            <calle>Kropf</calle>
            <ciudad>Zhoujia</ciudad>
            <codigo_postal>12130-00</codigo_postal>
            <provincia>Ambato</provincia>
        </direccion>
        <email>bhuntress1@intel.com</email>
        <fecha_inclusion>
            <fecha>22-05-2021</fecha>
            <año>2021</año>
            <trimestre>3</trimestre>
        </fecha_inclusion>
        <datosPedido>
            <id_pedido>22</id_pedido>
            <fecha_compra>25-05-2021</fecha_compra>
            <fecha_entrega>1-06-2021</fecha_entrega>
            <total_factura>140€</total_factura>
            <producto>
                <nombre_producto>Camiseta Authentic Hombre Primera Equipacion</nombre_producto>
                <referencia>01</referencia>
                <precio>140€</precio>
                <unidades>1</unidades>
            </producto>
        </datosPedido>
    </pedido>
    <pedido>
        <numero>23</numero>
        <nombre>Joice</nombre>
        <apellido>Coult</apellido>
        <telefono>605-82-2588</telefono>
        <direccion>
            <calle>Esch</calle>
            <ciudad>Wuxue Shi</ciudad>
            <codigo_postal>1305-24</codigo_postal>
            <provincia>Shinae</provincia>
        </direccion>
        <email>jcoult2@china.com.cn</email>
        <fecha_inclusion>
            <fecha>10-06-2021</fecha>
            <año>2021</año>
            <trimestre>3</trimestre>
        </fecha_inclusion>
        <datosPedido>
            <id_pedido>23</id_pedido>
            <fecha_compra>20-06-2021</fecha_compra>
            <fecha_entrega>23-06-2021</fecha_entrega>
            <total_factura>90€</total_factura>
            <producto>
                <nombre_producto>Camiseta Hombre Segunda Equipacion Morada</nombre_producto>
                <referencia>01</referencia>
                <precio>90€</precio>
                <unidades>1</unidades>
            </producto>
        </datosPedido>
    </pedido>
    <pedido>
        <numero>24</numero>
        <nombre>Arabela</nombre>
        <apellido>Dorr</apellido>
        <telefono>561-23-5242</telefono>
        <direccion>
            <calle>Schlimgen</calle>
            <ciudad>Loudi</ciudad>
            <codigo_postal>2312-2928</codigo_postal>
            <provincia>Poiser</provincia>
        </direccion>
        <email>adorr3@reuters.com</email>
        <fecha_inclusion>
            <fecha>24-06-2021</fecha>
            <año>2021</año>
            <trimestre>3</trimestre>
        </fecha_inclusion>
        <datosPedido>
            <id_pedido>24</id_pedido>
            <fecha_compra>26-06-2021</fecha_compra>
            <fecha_entrega>28-06-2021</fecha_entrega>
            <total_factura>100€</total_factura>
            <producto>
                <nombre_producto>Polo Hombre Beige</nombre_producto>
                <referencia>01</referencia>
                <precio>50€</precio>
                <unidades>2</unidades>
            </producto>
        </datosPedido>
    </pedido>
    <pedido>
        <numero>25</numero>
        <nombre>Lulu</nombre>
        <apellido>O'Hern</apellido>
        <telefono>892-19-4653</telefono>
        <direccion>
            <calle>Claremont</calle>
            <ciudad>San Francisco de Coray</ciudad>
            <codigo_postal>26336-233</codigo_postal>
            <provincia>Ontanas</provincia>
        </direccion>
        <email>lohern4@noaa.gov</email>
        <fecha_inclusion>
            <fecha>5-07-2021</fecha>
            <año>2021</año>
            <trimestre>3</trimestre>
        </fecha_inclusion>
        <datosPedido>
            <id_pedido>25</id_pedido>
            <fecha_compra>5-07-2021</fecha_compra>
            <fecha_entrega>15-07-2021</fecha_entrega>
            <total_factura>50€</total_factura>
            <producto>
                <nombre_producto>Polo Hombre Signatura Negro</nombre_producto>
                <referencia>01</referencia>
                <precio>50€</precio>
                <unidades>1</unidades>
            </producto>
        </datosPedido>
    </pedido>
    <pedido>
        <numero>26</numero>
        <nombre>Gae</nombre>
        <apellido>Newburn</apellido>
        <telefono>433-40-4314</telefono>
        <direccion>
            <calle>Eagle Crest</calle>
            <ciudad>Boundiali</ciudad>
            <codigo_postal>32845-22</codigo_postal>
            <provincia>soriers</provincia>
        </direccion>
        <email>gnewburn5@moonfruit.com</email>
        <fecha_inclusion>
            <fecha>21-07-2021</fecha>
            <año>2021</año>
            <trimestre>3</trimestre>
        </fecha_inclusion>
        <datosPedido>
            <id_pedido>26</id_pedido>
            <fecha_compra>25-07-2021</fecha_compra>
            <fecha_entrega>29-07-2021</fecha_entrega>
            <total_factura>450€</total_factura>
            <producto>
                <nombre_producto>Camiseta Cuello Redondo Hombre</nombre_producto>
                <referencia>01</referencia>
                <precio>45€</precio>
                <unidades>10</unidades>
            </producto>
        </datosPedido>
    </pedido>
    <pedido>
        <numero>27</numero>
        <nombre>Jed</nombre>
        <apellido>Matveyev</apellido>
        <telefono>277-88-3370</telefono>
        <direccion>
            <calle>Spohn</calle>
            <ciudad>Garland</ciudad>
            <codigo_postal>75049</codigo_postal>
            <provincia>Texas</provincia>
        </direccion>
        <email>jmatveyev6@vistaprint.com</email>
        <fecha_inclusion>
            <fecha>25-04-2021</fecha>
            <año>2021</año>
            <trimestre>3</trimestre>
        </fecha_inclusion>
        <datosPedido>
            <id_pedido>27</id_pedido>
            <fecha_compra>28-08-2021</fecha_compra>
            <fecha_entrega>29-08-2021</fecha_entrega>
            <total_factura>80€</total_factura>
            <producto>
                <nombre_producto>Sudadera Gris Adidas Hombre</nombre_producto>
                <referencia>01</referencia>
                <precio>80€</precio>
                <unidades>1</unidades>
            </producto>
        </datosPedido>
    </pedido>
    <pedido>
        <numero>28</numero>
        <nombre>Cynthie</nombre>
        <apellido>Leonard</apellido>
        <telefono>175-64-1047</telefono>
        <direccion>
            <calle>Eastwood</calle>
            <ciudad>Pangai</ciudad>
            <codigo_postal>24568</codigo_postal>
            <provincia>Dupier</provincia>
        </direccion>
        <email>cleonard7@miitbeian.gov.cn</email>
        <fecha_inclusion>
            <fecha>1-09-2021</fecha>
            <año>2021</año>
            <trimestre>3</trimestre>
        </fecha_inclusion>
        <datosPedido>
            <id_pedido>28</id_pedido>
            <fecha_compra>2-09-2021</fecha_compra>
            <fecha_entrega>5-09-2021</fecha_entrega>
            <total_factura>130€</total_factura>
            <producto>
                <nombre_producto>Mochila Adaptable Negra Lima Bernabeu</nombre_producto>
                <referencia>01</referencia>
                <precio>65€</precio>
                <unidades>2</unidades>
            </producto>
        </datosPedido>
    </pedido>
    <pedido>
        <numero>29</numero>
        <nombre>Vinny</nombre>
        <apellido>Johannesson</apellido>
        <telefono>590-64-0534</telefono>
        <direccion>
            <calle>Mccormick</calle>
            <ciudad>Ash Shaddādah</ciudad>
            <codigo_postal>67342-09</codigo_postal>
            <provincia>Salae-Mahidi</provincia>
        </direccion>
        <email>vjohannesson8@posterous.com</email>
        <fecha_inclusion>
            <fecha>3-09-2021</fecha>
            <año>2021</año>
            <trimestre>3</trimestre>
        </fecha_inclusion>
        <datosPedido>
            <id_pedido>29</id_pedido>
            <fecha_compra>3-09-2021</fecha_compra>
            <fecha_entrega>5-09-2021</fecha_entrega>
            <total_factura>16€</total_factura>
            <producto>
                <nombre_producto>Camiseta Baloncesto Niño Adidas</nombre_producto>
                <referencia>01</referencia>
                <precio>90€</precio>
                <unidades>1</unidades>
            </producto>
        </datosPedido>
    </pedido>
    <pedido>
        <numero>30</numero>
        <nombre>Dave</nombre>
        <apellido>Trebbett</apellido>
        <telefono>402-73-7097</telefono>
        <direccion>
            <calle>Farragut</calle>
            <ciudad>Bryukhovetskaya</ciudad>
            <codigo_postal>352762</codigo_postal>
            <provincia>kotheoskyas</provincia>
        </direccion>
        <email>dtrebbett9@earthlink.net</email>
        <fecha_inclusion>
            <fecha>4-05-2021</fecha>
            <año>2021</año>
            <trimestre>3</trimestre>
        </fecha_inclusion>
        <datosPedido>
            <id_pedido>30</id_pedido>
            <fecha_compra>4-09-2021</fecha_compra>
            <fecha_entrega>7-09-2021</fecha_entrega>
            <total_factura>90€</total_factura>
            <producto>
                <nombre_producto>Camiseta Adidas Hombre Portero Azul</nombre_producto>
                <referencia>01</referencia>
                <precio>90€</precio>
                <unidades>1</unidades>
            </producto>
        </datosPedido>
    </pedido>
    <pedido>
        <numero>31</numero>
        <nombre>Shell</nombre>
        <apellido>Dutton</apellido>
        <telefono>748-06-1437</telefono>
        <direccion>
            <calle>Stephen</calle>
            <ciudad>Tegallega</ciudad>
            <codigo_postal>23408</codigo_postal>
            <provincia>Luisiana</provincia>
        </direccion>
        <email>sdutton0@state.gov</email>
        <fecha_inclusion>
            <fecha>12-09-2021</fecha>
            <año>2021</año>
            <trimestre>4</trimestre>
        </fecha_inclusion>
        <datosPedido>
            <id_pedido>31</id_pedido>
            <fecha_compra>13-09-2021</fecha_compra>
            <fecha_entrega>15-09-2021</fecha_entrega>
            <total_factura>135€</total_factura>
            <producto>
                <nombre_producto>Pantalón Corto Técnico Adidas Hombre</nombre_producto>
                <referencia>01</referencia>
                <precio>45€</precio>
                <unidades>3</unidades>
            </producto>
        </datosPedido>
    </pedido>
    <pedido>
        <numero>32</numero>
        <nombre>Beatriz</nombre>
        <apellido>Huntress</apellido>
        <telefono>514-52-3644</telefono>
        <direccion>
            <calle>Kropf</calle>
            <ciudad>Zhoujia</ciudad>
            <codigo_postal>12130-00</codigo_postal>
            <provincia>Ambato</provincia>
        </direccion>
        <email>bhuntress1@intel.com</email>
        <fecha_inclusion>
            <fecha>20-09-2021</fecha>
            <año>2021</año>
            <trimestre>4</trimestre>
        </fecha_inclusion>
        <datosPedido>
            <id_pedido>32</id_pedido>
            <fecha_compra>20-09-2021</fecha_compra>
            <fecha_entrega>1-06-2021</fecha_entrega>
            <total_factura>45€</total_factura>
            <producto>
                <nombre_producto>Pantalon Corto Entrenamiento Real Madrid</nombre_producto>
                <referencia>01</referencia>
                <precio>45€</precio>
                <unidades>1</unidades>
            </producto>
        </datosPedido>
    </pedido>
    <pedido>
        <numero>33</numero>
        <nombre>Joice</nombre>
        <apellido>Coult</apellido>
        <telefono>605-82-2588</telefono>
        <direccion>
            <calle>Esch</calle>
            <ciudad>Wuxue Shi</ciudad>
            <codigo_postal>1305-24</codigo_postal>
            <provincia>Shinae</provincia>
        </direccion>
        <email>jcoult2@china.com.cn</email>
        <fecha_inclusion>
            <fecha>10-10-2021</fecha>
            <año>2021</año>
            <trimestre>4</trimestre>
        </fecha_inclusion>
        <datosPedido>
            <id_pedido>33</id_pedido>
            <fecha_compra>12-10-2021</fecha_compra>
            <fecha_entrega>23-10-2021</fecha_entrega>
            <total_factura>90€</total_factura>
            <producto>
                <nombre_producto>Camiseta Hombre Segunda Equipacion Morada</nombre_producto>
                <referencia>01</referencia>
                <precio>90€</precio>
                <unidades>1</unidades>
            </producto>
        </datosPedido>
    </pedido>
    <pedido>
        <numero>34</numero>
        <nombre>Arabela</nombre>
        <apellido>Dorr</apellido>
        <telefono>561-23-5242</telefono>
        <direccion>
            <calle>Schlimgen</calle>
            <ciudad>Loudi</ciudad>
            <codigo_postal>2312-2928</codigo_postal>
            <provincia>Poiser</provincia>
        </direccion>
        <email>adorr3@reuters.com</email>
        <fecha_inclusion>
            <fecha>24-06-2021</fecha>
            <año>2021</año>
            <trimestre>4</trimestre>
        </fecha_inclusion>
        <datosPedido>
            <id_pedido>34</id_pedido>
            <fecha_compra>26-10-2021</fecha_compra>
            <fecha_entrega>28-10-2021</fecha_entrega>
            <total_factura>140€</total_factura>
            <producto>
                <nombre_producto>Camiseta Authentic Manga Larga Primera Equipacion</nombre_producto>
                <referencia>01</referencia>
                <precio>70€</precio>
                <unidades>2</unidades>
            </producto>
        </datosPedido>
    </pedido>
    <pedido>
        <numero>35</numero>
        <nombre>Lulu</nombre>
        <apellido>O'Hern</apellido>
        <telefono>892-19-4653</telefono>
        <direccion>
            <calle>Claremont</calle>
            <ciudad>San Francisco de Coray</ciudad>
            <codigo_postal>26336-233</codigo_postal>
            <provincia>Ontanas</provincia>
        </direccion>
        <email>lohern4@noaa.gov</email>
        <fecha_inclusion>
            <fecha>5-11-2021</fecha>
            <año>2021</año>
            <trimestre>4</trimestre>
        </fecha_inclusion>
        <datosPedido>
            <id_pedido>35</id_pedido>
            <fecha_compra>5-11-2021</fecha_compra>
            <fecha_entrega>15-11-2021</fecha_entrega>
            <total_factura>500€</total_factura>
            <producto>
                <nombre_producto>Polo Hombre Signatura Negro</nombre_producto>
                <referencia>01</referencia>
                <precio>50€</precio>
                <unidades>10</unidades>
            </producto>
        </datosPedido>
    </pedido>
    <pedido>
        <numero>36</numero>
        <nombre>Cynthie</nombre>
        <apellido>Leonard</apellido>
        <telefono>175-64-1047</telefono>
        <direccion>
            <calle>Eastwood</calle>
            <ciudad>Pangai</ciudad>
            <codigo_postal>24568</codigo_postal>
            <provincia>Dupier</provincia>
        </direccion>
        <email>cleonard7@miitbeian.gov.cn</email>
        <fecha_inclusion>
            <fecha>18-11-2021</fecha>
            <año>2021</año>
            <trimestre>4</trimestre>
        </fecha_inclusion>
        <datosPedido>
            <id_pedido>36</id_pedido>
            <fecha_compra>20-11-2021</fecha_compra>
            <fecha_entrega>22-11-2021</fecha_entrega>
            <total_factura>130€</total_factura>
            <producto>
                <nombre_producto>Camiseta Coral Segunda Equipacion</nombre_producto>
                <referencia>01</referencia>
                <precio>65€</precio>
                <unidades>2</unidades>
            </producto>
        </datosPedido>
    </pedido>
    <pedido>
        <numero>37</numero>
        <nombre>Oswell</nombre>
        <apellido>Jovey</apellido>
        <telefono>729-55-4179</telefono>
        <direccion>
            <calle>Autumn Leaf</calle>
            <ciudad>Dietaisi</ciudad>
            <codigo_postal>23788</codigo_postal>
            <provincia>Chernovi</provincia>
        </direccion>
        <email>ojovey1@google.com.hk</email>
        <fecha_inclusion>
            <fecha>22-11-2021</fecha>
            <año>2021</año>
            <trimestre>4</trimestre>
        </fecha_inclusion>
        <datosPedido>
            <id_pedido>37</id_pedido>
            <fecha_compra>24-11-2021</fecha_compra>
            <fecha_entrega>28-11-2021</fecha_entrega>
            <total_factura>84€</total_factura>
            <producto>
                <nombre_producto>Chaqueta Entrenamiento Real Madrid</nombre_producto>
                <referencia>01</referencia>
                <precio>42€</precio>
                <unidades>2</unidades>
            </producto>
        </datosPedido>
    </pedido>
    <pedido>
        <numero>38</numero>
        <nombre>Oswell</nombre>
        <apellido>Jovey</apellido>
        <telefono>729-55-4179</telefono>
        <direccion>
            <calle>Autumn Leaf</calle>
            <ciudad>Dietaisi</ciudad>
            <codigo_postal>23788</codigo_postal>
            <provincia>Chernovi</provincia>
        </direccion>
        <email>ojovey1@google.com.hk</email>
        <fecha_inclusion>
            <fecha>10-12-2021</fecha>
            <año>2021</año>
            <trimestre>4</trimestre>
        </fecha_inclusion>
        <datosPedido>
            <id_pedido>38</id_pedido>
            <fecha_compra>24-12-2021</fecha_compra>
            <fecha_entrega>28-12-2021</fecha_entrega>
            <total_factura>20€</total_factura>
            <producto>
                <nombre_producto>Medias Segunda Equipacion</nombre_producto>
                <referencia>01</referencia>
                <precio>10€</precio>
                <unidades>2</unidades>
            </producto>
        </datosPedido>
    </pedido>
    <pedido>
        <numero>39</numero>
        <nombre>Oswell</nombre>
        <apellido>Jovey</apellido>
        <telefono>729-55-4179</telefono>
        <direccion>
            <calle>Autumn Leaf</calle>
            <ciudad>Dietaisi</ciudad>
            <codigo_postal>23788</codigo_postal>
            <provincia>Chernovi</provincia>
        </direccion>
        <email>ojovey1@google.com.hk</email>
        <fecha_inclusion>
            <fecha>20-12-2021</fecha>
            <año>2021</año>
            <trimestre>4</trimestre>
        </fecha_inclusion>
        <datosPedido>
            <id_pedido>39</id_pedido>
            <fecha_compra>22-12-2021</fecha_compra>
            <fecha_entrega>23-12-2021</fecha_entrega>
            <total_factura>80€</total_factura>
            <producto>
                <nombre_producto>Medias Segunda Equipacion</nombre_producto>
                <referencia>01</referencia>
                <precio>10€</precio>
                <unidades>8</unidades>
            </producto>
        </datosPedido>
    </pedido>
    <pedido>
        <numero>40</numero>
        <nombre>Lauralee</nombre>
        <apellido>MacGillacolm</apellido>
        <telefono>614-57-9611</telefono>
        <direccion>
            <calle>Lighthouse Bay</calle>
            <ciudad>Göteborg</ciudad>
            <codigo_postal>417 17</codigo_postal>
            <provincia>Västra Götaland</provincia>
        </direccion>
        <email>lmacgillacolm2@shareasale.com</email>
        <fecha_inclusion>
            <fecha>24-12-2021</fecha>
            <año>2021</año>
            <trimestre>4</trimestre>
        </fecha_inclusion>
        <datosPedido>
            <id_pedido>40</id_pedido>
            <fecha_compra>24-12-2021</fecha_compra>
            <fecha_entrega>28-12-2021</fecha_entrega>
            <total_factura>440€</total_factura>
            <producto>
                <nombre_producto>Sudadera Adidas CNY</nombre_producto>
                <referencia>01</referencia>
                <precio>44€</precio>
                <unidades>10</unidades>
            </producto>
        </datosPedido>
    </pedido>
    <pedido>
        <numero>41</numero>
        <nombre>Eulalie</nombre>
        <apellido>Gwilt</apellido>
        <telefono>509-18-1900</telefono>
        <direccion>
            <calle>Burrows</calle>
            <ciudad>Johanneshov</ciudad>
            <codigo_postal>121 48</codigo_postal>
            <provincia>Stockholm</provincia>
        </direccion>
        <email>egwilt5@1und1.de</email>
        <fecha_inclusion>
            <fecha>10-01-2022</fecha>
            <año>2022</año>
            <trimestre>5</trimestre>
        </fecha_inclusion>
        <datosPedido>
            <id_pedido>41</id_pedido>
            <fecha_compra>10-01-2022</fecha_compra>
            <fecha_entrega>12-01-2022</fecha_entrega>
            <total_factura>180€</total_factura>
            <producto>
                <nombre_producto>Camiseta Yoda Hombre Real Madrid</nombre_producto>
                <referencia>01</referencia>
                <precio>18€</precio>
                <unidades>10</unidades>
            </producto>
        </datosPedido>
    </pedido>
    <pedido>
        <numero>42</numero>
        <nombre>Josefina</nombre>
        <apellido>Macias</apellido>
        <telefono>865-78-8618</telefono>
        <direccion>
            <calle>Little Fleur</calle>
            <ciudad>Valladolid</ciudad>
            <codigo_postal>47010</codigo_postal>
            <provincia>Castilla - Leon</provincia>
        </direccion>
        <email>jmacias1@wordpress.com</email>
        <fecha_inclusion>
            <fecha>11-01-2022</fecha>
            <año>2022</año>
            <trimestre>5</trimestre>
        </fecha_inclusion>
        <datosPedido>
            <id_pedido>42</id_pedido>
            <fecha_compra>11-01-2022</fecha_compra>
            <fecha_entrega>15-01-2022</fecha_entrega>
            <total_factura>250€</total_factura>
            <producto>
                <nombre_producto>Camiseta Manga Larga Coral</nombre_producto>
                <referencia>01</referencia>
                <precio>50€</precio>
                <unidades>5</unidades>
            </producto>
        </datosPedido>
    </pedido>
    <pedido>
        <numero>43</numero>
        <nombre>Byran</nombre>
        <apellido>Rawlison</apellido>
        <telefono>807-75-4789</telefono>
        <direccion>
            <calle>Leroy</calle>
            <ciudad>Salzburg</ciudad>
            <codigo_postal>5071</codigo_postal>
            <provincia>Salzburg</provincia>
        </direccion>
        <email>brawlison2@elpais.com</email>
        <fecha_inclusion>
            <fecha>15-01-2022</fecha>
            <año>2022</año>
            <trimestre>5</trimestre>
        </fecha_inclusion>
        <datosPedido>
            <id_pedido>43</id_pedido>
            <fecha_compra>20-01-2022</fecha_compra>
            <fecha_entrega>24-01-2022</fecha_entrega>
            <total_factura>220€</total_factura>
            <producto>
                <nombre_producto>Sudadera Adidas CNY</nombre_producto>
                <referencia>01</referencia>
                <precio>44€</precio>
                <unidades>5</unidades>
            </producto>
        </datosPedido>
    </pedido>
    <pedido>
        <numero>44</numero>
        <nombre>Burl</nombre>
        <apellido>Mawhinney</apellido>
        <telefono>765-64-3257</telefono>
        <direccion>
            <calle>Oxford</calle>
            <ciudad>Bordeaux</ciudad>
            <codigo_postal>33801 CEDEX</codigo_postal>
            <provincia>Aquitaine</provincia>
        </direccion>
        <email>bmawhinney8@apache.org</email>
        <fecha_inclusion>
            <fecha>20-01-2022</fecha>
            <año>2022</año>
            <trimestre>5</trimestre>
        </fecha_inclusion>
        <datosPedido>
            <id_pedido>44</id_pedido>
            <fecha_compra>20-01-2022</fecha_compra>
            <fecha_entrega>24-01-2022</fecha_entrega>
            <total_factura>360€</total_factura>
            <producto>
                <nombre_producto>Camiseta Authentic Campeones CWC</nombre_producto>
                <referencia>01</referencia>
                <precio>180€</precio>
                <unidades>2</unidades>
            </producto>
        </datosPedido>
    </pedido>
    <pedido>
        <numero>45</numero>
        <nombre>Lida</nombre>
        <apellido>Issacof</apellido>
        <telefono>452-99-8688</telefono>
        <direccion>
            <calle>Jenifer</calle>
            <ciudad>Itaberaí</ciudad>
            <codigo_postal>76630-000</codigo_postal>
            <provincia>Andaleiru</provincia>
        </direccion>
        <email>lissacof9@barnesandnoble.com</email>
        <fecha_inclusion>
            <fecha>25-01-2022</fecha>
            <año>2022</año>
            <trimestre>5</trimestre>
        </fecha_inclusion>
        <datosPedido>
            <id_pedido>45</id_pedido>
            <fecha_compra>27-01-2022</fecha_compra>
            <fecha_entrega>3-02-2022</fecha_entrega>
            <total_factura>61€</total_factura>
            <producto>
                <nombre_producto>Sudadera Travel Hombre</nombre_producto>
                <referencia>01</referencia>
                <precio>61€</precio>
                <unidades>1</unidades>
            </producto>
        </datosPedido>
    </pedido>
    <pedido>
        <numero>46</numero>
        <nombre>Brod</nombre>
        <apellido>Lunny</apellido>
        <telefono>651-32-6024</telefono>
        <direccion>
            <calle>Grayhawk</calle>
            <ciudad>Figueira dos Cavaleiros</ciudad>
            <codigo_postal>7900-234</codigo_postal>
            <provincia>Beja</provincia>
        </direccion>
        <email>blunnyg@digg.com</email>
        <fecha_inclusion>
            <fecha>1-02-2022</fecha>
            <año>2022</año>
            <trimestre>5</trimestre>
        </fecha_inclusion>
        <datosPedido>
            <id_pedido>46</id_pedido>
            <fecha_compra>10-02-2022</fecha_compra>
            <fecha_entrega>12-02-2022</fecha_entrega>
            <total_factura>244€</total_factura>
            <producto>
                <nombre_producto>Sudadera Travel Hombre</nombre_producto>
                <referencia>01</referencia>
                <precio>61€</precio>
                <unidades>4</unidades>
            </producto>
        </datosPedido>
    </pedido>
    <pedido>
        <numero>47</numero>
        <nombre>Hugues</nombre>
        <apellido>Walls</apellido>
        <telefono>372-97-3119</telefono>
        <direccion>
            <calle>Dexter</calle>
            <ciudad>Sobrosa</ciudad>
            <codigo_postal>4580-604</codigo_postal>
            <provincia>Porto</provincia>
        </direccion>
        <email>hwallst@slate.com</email>
        <fecha_inclusion>
            <fecha>10-02-2022</fecha>
            <año>2022</año>
            <trimestre>5</trimestre>
        </fecha_inclusion>
        <datosPedido>
            <id_pedido>47</id_pedido>
            <fecha_compra>14-02-2022</fecha_compra>
            <fecha_entrega>18-02-2022</fecha_entrega>
            <total_factura>2500€</total_factura>
            <producto>
                <nombre_producto>Camiseta Manga Larga Primera Equipacion</nombre_producto>
                <referencia>01</referencia>
                <precio>50€</precio>
                <unidades>50</unidades>
            </producto>
        </datosPedido>
    </pedido>
    <pedido>
        <numero>48</numero>
        <nombre>Thaine</nombre>
        <apellido>Ogbourne</apellido>
        <telefono>613-82-9588</telefono>
        <direccion>
            <calle>Thompson</calle>
            <ciudad>Paço</ciudad>
            <codigo_postal>4910-060</codigo_postal>
            <provincia>Viana do Castelo</provincia>
        </direccion>
        <email>togbourne1y@nytimes.com</email>
        <fecha_inclusion>
            <fecha>20-02-2022</fecha>
            <año>2022</año>
            <trimestre>5</trimestre>
        </fecha_inclusion>
        <datosPedido>
            <id_pedido>48</id_pedido>
            <fecha_compra>20-02-2022</fecha_compra>
            <fecha_entrega>22-02-2022</fecha_entrega>
            <total_factura>100€</total_factura>
            <producto>
                <nombre_producto>Mascarilla Higienica Logotipo Real Madrid</nombre_producto>
                <referencia>01</referencia>
                <precio>10€</precio>
                <unidades>10</unidades>
            </producto>
        </datosPedido>
    </pedido>
    <pedido>
        <numero>49</numero>
        <nombre>Nady</nombre>
        <apellido>Samms</apellido>
        <telefono>571-20-0792</telefono>
        <direccion>
            <calle>Lotheville</calle>
            <ciudad>Witzenhausen</ciudad>
            <codigo_postal>37217</codigo_postal>
            <provincia>Hessen</provincia>
        </direccion>
        <email>nsamms2r@bloglovin.com</email>
        <fecha_inclusion>
            <fecha>22-02-2022</fecha>
            <año>2022</año>
            <trimestre>5</trimestre>
        </fecha_inclusion>
        <datosPedido>
            <id_pedido>49</id_pedido>
            <fecha_compra>28-02-2022</fecha_compra>
            <fecha_entrega>3-03-2022</fecha_entrega>
            <total_factura>5000€</total_factura>
            <producto>
                <nombre_producto>Mascarilla Higienica Logotipo Real Madrid</nombre_producto>
                <referencia>01</referencia>
                <precio>10€</precio>
                <unidades>500</unidades>
            </producto>
        </datosPedido>
    </pedido>
    <pedido>
        <numero>50</numero>
        <nombre>Bradan</nombre>
        <apellido>Boissier</apellido>
        <telefono>437-50-7827</telefono>
        <direccion>
            <calle>Crest Line</calle>
            <ciudad>San Francisco</ciudad>
            <codigo_postal>94132</codigo_postal>
            <provincia>California</provincia>
        </direccion>
        <email>bboissierc@google.com.au</email>
        <fecha_inclusion>
            <fecha>2-03-2022</fecha>
            <año>2022</año>
            <trimestre>5</trimestre>
        </fecha_inclusion>
        <datosPedido>
            <id_pedido>50</id_pedido>
            <fecha_compra>2-03-2022</fecha_compra>
            <fecha_entrega>6-03-2022</fecha_entrega>
            <total_factura>260€</total_factura>
            <producto>
                <nombre_producto>Medias Tercera Equipacion</nombre_producto>
                <referencia>01</referencia>
                <precio>10€</precio>
                <unidades>26</unidades>
            </producto>
        </datosPedido>
    </pedido>
    <pedido>
        <numero>51</numero>
        <nombre>Eulalie</nombre>
        <apellido>Gwilt</apellido>
        <telefono>509-18-1900</telefono>
        <direccion>
            <calle>Burrows</calle>
            <ciudad>Johanneshov</ciudad>
            <codigo_postal>121 48</codigo_postal>
            <provincia>Stockholm</provincia>
        </direccion>
        <email>egwilt5@1und1.de</email>
        <fecha_inclusion>
            <fecha>10-03-2022</fecha>
            <año>2022</año>
            <trimestre>6</trimestre>
        </fecha_inclusion>
        <datosPedido>
            <id_pedido>51</id_pedido>
            <fecha_compra>10-03-2022</fecha_compra>
            <fecha_entrega>12-03-2022</fecha_entrega>
            <total_factura>84€</total_factura>
            <producto>
                <nombre_producto>Top Entrenamiento Mujer</nombre_producto>
                <referencia>01</referencia>
                <precio>42€</precio>
                <unidades>2</unidades>
            </producto>
        </datosPedido>
    </pedido>
    <pedido>
        <numero>52</numero>
        <nombre>Josefina</nombre>
        <apellido>Macias</apellido>
        <telefono>865-78-8618</telefono>
        <direccion>
            <calle>Little Fleur</calle>
            <ciudad>Valladolid</ciudad>
            <codigo_postal>47010</codigo_postal>
            <provincia>Castilla - Leon</provincia>
        </direccion>
        <email>jmacias1@wordpress.com</email>
        <fecha_inclusion>
            <fecha>11-03-2022</fecha>
            <año>2022</año>
            <trimestre>6</trimestre>
        </fecha_inclusion>
        <datosPedido>
            <id_pedido>52</id_pedido>
            <fecha_compra>11-03-2022</fecha_compra>
            <fecha_entrega>15-03-2022</fecha_entrega>
            <total_factura>23€</total_factura>
            <producto>
                <nombre_producto>Camiseta Hombre Baloncesto Adidas</nombre_producto>
                <referencia>01</referencia>
                <precio>23€</precio>
                <unidades>1</unidades>
            </producto>
        </datosPedido>
    </pedido>
    <pedido>
        <numero>53</numero>
        <nombre>Byran</nombre>
        <apellido>Rawlison</apellido>
        <telefono>807-75-4789</telefono>
        <direccion>
            <calle>Leroy</calle>
            <ciudad>Salzburg</ciudad>
            <codigo_postal>5071</codigo_postal>
            <provincia>Salzburg</provincia>
        </direccion>
        <email>brawlison2@elpais.com</email>
        <fecha_inclusion>
            <fecha>15-03-2022</fecha>
            <año>2022</año>
            <trimestre>6</trimestre>
        </fecha_inclusion>
        <datosPedido>
            <id_pedido>53</id_pedido>
            <fecha_compra>20-03-2022</fecha_compra>
            <fecha_entrega>24-03-2022</fecha_entrega>
            <total_factura>120€</total_factura>
            <producto>
                <nombre_producto>Camiseta Hombre Icon Adidas</nombre_producto>
                <referencia>01</referencia>
                <precio>40€</precio>
                <unidades>3</unidades>
            </producto>
        </datosPedido>
    </pedido>
    <pedido>
        <numero>54</numero>
        <nombre>Burl</nombre>
        <apellido>Mawhinney</apellido>
        <telefono>765-64-3257</telefono>
        <direccion>
            <calle>Oxford</calle>
            <ciudad>Bordeaux</ciudad>
            <codigo_postal>33801 CEDEX</codigo_postal>
            <provincia>Aquitaine</provincia>
        </direccion>
        <email>bmawhinney8@apache.org</email>
        <fecha_inclusion>
            <fecha>20-03-2022</fecha>
            <año>2022</año>
            <trimestre>6</trimestre>
        </fecha_inclusion>
        <datosPedido>
            <id_pedido>54</id_pedido>
            <fecha_compra>20-03-2022</fecha_compra>
            <fecha_entrega>24-03-2022</fecha_entrega>
            <total_factura>108€</total_factura>
            <producto>
                <nombre_producto>Pantalon Hombre Tape Azul</nombre_producto>
                <referencia>01</referencia>
                <precio>36€</precio>
                <unidades>3</unidades>
            </producto>
        </datosPedido>
    </pedido>
    <pedido>
        <numero>55</numero>
        <nombre>Lida</nombre>
        <apellido>Issacof</apellido>
        <telefono>452-99-8688</telefono>
        <direccion>
            <calle>Jenifer</calle>
            <ciudad>Itaberaí</ciudad>
            <codigo_postal>76630-000</codigo_postal>
            <provincia>Yuoshla</provincia>
        </direccion>
        <email>lissacof9@barnesandnoble.com</email>
        <fecha_inclusion>
            <fecha>25-03-2022</fecha>
            <año>2022</año>
            <trimestre>6</trimestre>
        </fecha_inclusion>
        <datosPedido>
            <id_pedido>55</id_pedido>
            <fecha_compra>27-03-2022</fecha_compra>
            <fecha_entrega>3-04-2022</fecha_entrega>
            <total_factura>72€</total_factura>
            <producto>
                <nombre_producto>Pantalon Corto Portero Rosa</nombre_producto>
                <referencia>01</referencia>
                <precio>72€</precio>
                <unidades>1</unidades>
            </producto>
        </datosPedido>
    </pedido>
    <pedido>
        <numero>56</numero>
        <nombre>Lionel</nombre>
        <apellido>Culy</apellido>
        <telefono>119-37-8571</telefono>
        <direccion>
            <calle>Glendale</calle>
            <ciudad>Rennes</ciudad>
            <codigo_postal>35059 CEDEX</codigo_postal>
            <provincia>Bretagne</provincia>
        </direccion>
        <email>lculy0@intel.com</email>
        <fecha_inclusion>
            <fecha>28-03-2022</fecha>
            <año>2022</año>
            <trimestre>6</trimestre>
        </fecha_inclusion>
        <datosPedido>
            <id_pedido>56</id_pedido>
            <fecha_compra>1-04-2022</fecha_compra>
            <fecha_entrega>5-04-2022</fecha_entrega>
            <total_factura>144€</total_factura>
            <producto>
                <nombre_producto>Pantalon Corto Portero Rosa</nombre_producto>
                <referencia>01</referencia>
                <precio>72€</precio>
                <unidades>2</unidades>
            </producto>
        </datosPedido>
    </pedido>
    <pedido>
        <numero>57</numero>
        <nombre>Buddie</nombre>
        <apellido>Janus</apellido>
        <telefono>763-49-3385</telefono>
        <direccion>
            <calle>Columbus</calle>
            <ciudad>Stockholm</ciudad>
            <codigo_postal>120 16</codigo_postal>
            <provincia>Stockholm</provincia>
        </direccion>
        <email>bjanus6@illinois.edu</email>
        <fecha_inclusion>
            <fecha>1-04-2022</fecha>
            <año>2022</año>
            <trimestre>6</trimestre>
        </fecha_inclusion>
        <datosPedido>
            <id_pedido>57</id_pedido>
            <fecha_compra>4-04-2022</fecha_compra>
            <fecha_entrega>7-04-2022</fecha_entrega>
            <total_factura>186€</total_factura>
            <producto>
                <nombre_producto>Medias Y-T Rosas</nombre_producto>
                <referencia>01</referencia>
                <precio>31€</precio>
                <unidades>6</unidades>
            </producto>
        </datosPedido>
    </pedido>
    <pedido>
        <numero>58</numero>
        <nombre>Joelie</nombre>
        <apellido>Roocroft</apellido>
        <telefono>499-01-9582</telefono>
        <direccion>
            <calle>Kedzie</calle>
            <ciudad>Alençon</ciudad>
            <codigo_postal>61042 CEDEX</codigo_postal>
            <provincia>Basse-Normandie</provincia>
        </direccion>
        <email>jroocroftc@typepad.com</email>
        <fecha_inclusion>
            <fecha>10-04-2022</fecha>
            <año>2022</año>
            <trimestre>6</trimestre>
        </fecha_inclusion>
        <datosPedido>
            <id_pedido>58</id_pedido>
            <fecha_compra>21-04-2022</fecha_compra>
            <fecha_entrega>26-04-2022</fecha_entrega>
            <total_factura>62€</total_factura>
            <producto>
                <nombre_producto>Gorra TeamGeist</nombre_producto>
                <referencia>01</referencia>
                <precio>31€</precio>
                <unidades>2</unidades>
            </producto>
        </datosPedido>
    </pedido>
    <pedido>
        <numero>59</numero>
        <nombre>Gabrila</nombre>
        <apellido>Perago</apellido>
        <telefono>499-50-9015</telefono>
        <direccion>
            <calle>Scofield</calle>
            <ciudad>Oslo</ciudad>
            <codigo_postal>1257</codigo_postal>
            <provincia>Oslo</provincia>
        </direccion>
        <email>gperagoz@dot.gov</email>
        <fecha_inclusion>
            <fecha>25-04-2022</fecha>
            <año>2022</año>
            <trimestre>6</trimestre>
        </fecha_inclusion>
        <datosPedido>
            <id_pedido>59</id_pedido>
            <fecha_compra>28-04-2022</fecha_compra>
            <fecha_entrega>1-05-2022</fecha_entrega>
            <total_factura>192€</total_factura>
            <producto>
                <nombre_producto>Pantalon TeamGeist</nombre_producto>
                <referencia>01</referencia>
                <precio>64€</precio>
                <unidades>3</unidades>
            </producto>
        </datosPedido>
    </pedido>
    <pedido>
        <numero>60</numero>
        <nombre>Gabrila</nombre>
        <apellido>Perago</apellido>
        <telefono>499-50-9015</telefono>
        <direccion>
            <calle>Scofield</calle>
            <ciudad>Oslo</ciudad>
            <codigo_postal>1257</codigo_postal>
            <provincia>Oslo</provincia>
        </direccion>
        <email>gperagoz@dot.gov</email>
        <fecha_inclusion>
            <fecha>1-05-2022</fecha>
            <año>2022</año>
            <trimestre>6</trimestre>
        </fecha_inclusion>
        <datosPedido>
            <id_pedido>60</id_pedido>
            <fecha_compra>5-05-2022</fecha_compra>
            <fecha_entrega>8-05-2022</fecha_entrega>
            <total_factura>64€</total_factura>
            <producto>
                <nombre_producto>Pantalon TeamGeist</nombre_producto>
                <referencia>01</referencia>
                <precio>64€</precio>
                <unidades>1</unidades>
            </producto>
        </datosPedido>
    </pedido>
    <pedido>
        <numero>61</numero>
        <nombre>Lida</nombre>
        <apellido>Issacof</apellido>
        <telefono>452-99-8688</telefono>
        <direccion>
            <calle>Jenifer</calle>
            <ciudad>Itaberaí</ciudad>
            <codigo_postal>76630-000</codigo_postal>
            <provincia>Yuoshla</provincia>
        </direccion>
        <email>lissacof9@barnesandnoble.com</email>
        <fecha_inclusion>
            <fecha>25-05-2022</fecha>
            <año>2022</año>
            <trimestre>7</trimestre>
        </fecha_inclusion>
        <datosPedido>
            <id_pedido>61</id_pedido>
            <fecha_compra>27-05-2022</fecha_compra>
            <fecha_entrega>3-06-2022</fecha_entrega>
            <total_factura>21€</total_factura>
            <producto>
                <nombre_producto>Camiseta Hombre Baloncesto Adidas</nombre_producto>
                <referencia>01</referencia>
                <precio>21€</precio>
                <unidades>1</unidades>
            </producto>
        </datosPedido>
    </pedido>
    <pedido>
        <numero>62</numero>
        <nombre>Lionel</nombre>
        <apellido>Culy</apellido>
        <telefono>119-37-8571</telefono>
        <direccion>
            <calle>Glendale</calle>
            <ciudad>Rennes</ciudad>
            <codigo_postal>35059 CEDEX</codigo_postal>
            <provincia>Bretagne</provincia>
        </direccion>
        <email>lculy0@intel.com</email>
        <fecha_inclusion>
            <fecha>28-05-2022</fecha>
            <año>2022</año>
            <trimestre>7</trimestre>
        </fecha_inclusion>
        <datosPedido>
            <id_pedido>62</id_pedido>
            <fecha_compra>1-06-2022</fecha_compra>
            <fecha_entrega>5-06-2022</fecha_entrega>
            <total_factura>144€</total_factura>
            <producto>
                <nombre_producto>Sudadera Hybrid Hombre</nombre_producto>
                <referencia>01</referencia>
                <precio>72€</precio>
                <unidades>2</unidades>
            </producto>
        </datosPedido>
    </pedido>
    <pedido>
        <numero>63</numero>
        <nombre>Buddie</nombre>
        <apellido>Janus</apellido>
        <telefono>763-49-3385</telefono>
        <direccion>
            <calle>Columbus</calle>
            <ciudad>Stockholm</ciudad>
            <codigo_postal>120 16</codigo_postal>
            <provincia>Stockholm</provincia>
        </direccion>
        <email>bjanus6@illinois.edu</email>
        <fecha_inclusion>
            <fecha>1-06-2022</fecha>
            <año>2022</año>
            <trimestre>7</trimestre>
        </fecha_inclusion>
        <datosPedido>
            <id_pedido>63</id_pedido>
            <fecha_compra>4-06-2022</fecha_compra>
            <fecha_entrega>7-06-2022</fecha_entrega>
            <total_factura>104€</total_factura>
            <producto>
                <nombre_producto>Chaqueta Calenatamiento UCL</nombre_producto>
                <referencia>01</referencia>
                <precio>104€</precio>
                <unidades>1</unidades>
            </producto>
        </datosPedido>
    </pedido>
    <pedido>
        <numero>64</numero>
        <nombre>Joelie</nombre>
        <apellido>Roocroft</apellido>
        <telefono>499-01-9582</telefono>
        <direccion>
            <calle>Kedzie</calle>
            <ciudad>Alençon</ciudad>
            <codigo_postal>61042 CEDEX</codigo_postal>
            <provincia>Basse-Normandie</provincia>
        </direccion>
        <email>jroocroftc@typepad.com</email>
        <fecha_inclusion>
            <fecha>10-06-2022</fecha>
            <año>2022</año>
            <trimestre>7</trimestre>
        </fecha_inclusion>
        <datosPedido>
            <id_pedido>64</id_pedido>
            <fecha_compra>18-06-2022</fecha_compra>
            <fecha_entrega>22-06-2022</fecha_entrega>
            <total_factura>40€</total_factura>
            <producto>
                <nombre_producto>Camiseta Hombre Icon Adidas</nombre_producto>
                <referencia>01</referencia>
                <precio>40€</precio>
                <unidades>1</unidades>
            </producto>
        </datosPedido>
    </pedido>
    <pedido>
        <numero>65</numero>
        <nombre>Gabrila</nombre>
        <apellido>Perago</apellido>
        <telefono>499-50-9015</telefono>
        <direccion>
            <calle>Scofield</calle>
            <ciudad>Oslo</ciudad>
            <codigo_postal>1257</codigo_postal>
            <provincia>Oslo</provincia>
        </direccion>
        <email>gperagoz@dot.gov</email>
        <fecha_inclusion>
            <fecha>25-06-2022</fecha>
            <año>2022</año>
            <trimestre>7</trimestre>
        </fecha_inclusion>
        <datosPedido>
            <id_pedido>65</id_pedido>
            <fecha_compra>28-06-2022</fecha_compra>
            <fecha_entrega>1-07-2022</fecha_entrega>
            <total_factura>64€</total_factura>
            <producto>
                <nombre_producto>Camiseta Manga Larga Collegiate Gris</nombre_producto>
                <referencia>01</referencia>
                <precio>32€</precio>
                <unidades>2</unidades>
            </producto>
        </datosPedido>
    </pedido>
    <pedido>
        <numero>66</numero>
        <nombre>Wayland</nombre>
        <apellido>Windram</apellido>
        <telefono>862-08-7017</telefono>
        <direccion>
            <calle>Eggendart</calle>
            <ciudad>Stockholm</ciudad>
            <codigo_postal>102 27</codigo_postal>
            <provincia>Stockholm</provincia>
        </direccion>
        <email>wwindram1o@google.fr</email>
        <fecha_inclusion>
            <fecha>28-06-2022</fecha>
            <año>2022</año>
            <trimestre>7</trimestre>
        </fecha_inclusion>
        <datosPedido>
            <id_pedido>66</id_pedido>
            <fecha_compra>29-06-2022</fecha_compra>
            <fecha_entrega>4-07-2022</fecha_entrega>
            <total_factura>42€</total_factura>
            <producto>
                <nombre_producto>Camiseta Hombre Baloncesto Adidas</nombre_producto>
                <referencia>01</referencia>
                <precio>21€</precio>
                <unidades>2</unidades>
            </producto>
        </datosPedido>
    </pedido>
    <pedido>
        <numero>67</numero>
        <nombre>Althea</nombre>
        <apellido>Anand</apellido>
        <telefono>825-22-2785</telefono>
        <direccion>
            <calle>Brentwood</calle>
            <ciudad>Chemnitz</ciudad>
            <codigo_postal>09116</codigo_postal>
            <provincia>Sachsen</provincia>
        </direccion>
        <email>aanandi@qq.com</email>
        <fecha_inclusion>
            <fecha>1-07-2022</fecha>
            <año>2022</año>
            <trimestre>7</trimestre>
        </fecha_inclusion>
        <datosPedido>
            <id_pedido>67</id_pedido>
            <fecha_compra>4-07-2022</fecha_compra>
            <fecha_entrega>7-07-2022</fecha_entrega>
            <total_factura>128€</total_factura>
            <producto>
                <nombre_producto>Pantalon TeamGeist</nombre_producto>
                <referencia>01</referencia>
                <precio>64€</precio>
                <unidades>2</unidades>
            </producto>
        </datosPedido>
    </pedido>
    <pedido>
        <numero>68</numero>
        <nombre>Godart</nombre>
        <apellido>Collin</apellido>
        <telefono>564-16-2519</telefono>
        <direccion>
            <calle>Portage</calle>
            <ciudad>Washington</ciudad>
            <codigo_postal>20508</codigo_postal>
            <provincia>District of Columbia</provincia>
        </direccion>
        <email>gcollink@bloglovin.com</email>
        <fecha_inclusion>
            <fecha>10-07-2022</fecha>
            <año>2022</año>
            <trimestre>7</trimestre>
        </fecha_inclusion>
        <datosPedido>
            <id_pedido>68</id_pedido>
            <fecha_compra>10-07-2022</fecha_compra>
            <fecha_entrega>17-07-2022</fecha_entrega>
            <total_factura>360€</total_factura>
            <producto>
                <nombre_producto>Camiseta Authentic Campeones CWC</nombre_producto>
                <referencia>01</referencia>
                <precio>180€</precio>
                <unidades>2</unidades>
            </producto>
        </datosPedido>
    </pedido>
    <pedido>
        <numero>69</numero>
        <nombre>Lyda</nombre>
        <apellido>McGuinness</apellido>
        <telefono>139-62-3764</telefono>
        <direccion>
            <calle>Kipling</calle>
            <ciudad>São Miguel do Rio Torto</ciudad>
            <codigo_postal>2205-554</codigo_postal>
            <provincia>Santarém</provincia>
        </direccion>
        <email>lmcguinness1y@craigslist.org</email>
        <fecha_inclusion>
            <fecha>20-07-2022</fecha>
            <año>2022</año>
            <trimestre>7</trimestre>
        </fecha_inclusion>
        <datosPedido>
            <id_pedido>69</id_pedido>
            <fecha_compra>23-07-2022</fecha_compra>
            <fecha_entrega>26-07-2022</fecha_entrega>
            <total_factura>21€</total_factura>
            <producto>
                <nombre_producto>Camiseta Hombre Baloncesto Adidas</nombre_producto>
                <referencia>01</referencia>
                <precio>21€</precio>
                <unidades>1</unidades>
            </producto>
        </datosPedido>
    </pedido>
    <pedido>
        <numero>70</numero>
        <nombre>Shirley</nombre>
        <apellido>Van der Beek</apellido>
        <telefono>259-48-6565</telefono>
        <direccion>
            <calle>Namekagon</calle>
            <ciudad>Avallon</ciudad>
            <codigo_postal>89204 CEDEX</codigo_postal>
            <provincia>Bourgogne</provincia>
        </direccion>
        <email>svanderbeek20@google.com.au</email>
        <fecha_inclusion>
            <fecha>25-07-2022</fecha>
            <año>2022</año>
            <trimestre>7</trimestre>
        </fecha_inclusion>
        <datosPedido>
            <id_pedido>70</id_pedido>
            <fecha_compra>28-07-2022</fecha_compra>
            <fecha_entrega>4-08-2022</fecha_entrega>
            <total_factura>140€</total_factura>
            <producto>
                <nombre_producto>Camiseta Authentic Hombre Primera Equipacion</nombre_producto>
                <referencia>01</referencia>
                <precio>140€</precio>
                <unidades>1</unidades>
            </producto>
        </datosPedido>
    </pedido>
    <pedido>
        <numero>71</numero>
        <nombre>Joelie</nombre>
        <apellido>Roocroft</apellido>
        <telefono>499-01-9582</telefono>
        <direccion>
            <calle>Kedzie</calle>
            <ciudad>Alençon</ciudad>
            <codigo_postal>61042 CEDEX</codigo_postal>
            <provincia>Basse-Normandie</provincia>
        </direccion>
        <email>jroocroftc@typepad.com</email>
        <fecha_inclusion>
            <fecha>10-08-2022</fecha>
            <año>2022</año>
            <trimestre>8</trimestre>
        </fecha_inclusion>
        <datosPedido>
            <id_pedido>71</id_pedido>
            <fecha_compra>11-08-2022</fecha_compra>
            <fecha_entrega>22-08-2022</fecha_entrega>
            <total_factura>40€</total_factura>
            <producto>
                <nombre_producto>Sudadera Adidas CNY</nombre_producto>
                <referencia>01</referencia>
                <precio>41€</precio>
                <unidades>1</unidades>
            </producto>
        </datosPedido>
    </pedido>
    <pedido>
        <numero>72</numero>
        <nombre>Gabrila</nombre>
        <apellido>Perago</apellido>
        <telefono>499-50-9015</telefono>
        <direccion>
            <calle>Scofield</calle>
            <ciudad>Oslo</ciudad>
            <codigo_postal>1257</codigo_postal>
            <provincia>Oslo</provincia>
        </direccion>
        <email>gperagoz@dot.gov</email>
        <fecha_inclusion>
            <fecha>20-08-2022</fecha>
            <año>2022</año>
            <trimestre>8</trimestre>
        </fecha_inclusion>
        <datosPedido>
            <id_pedido>72</id_pedido>
            <fecha_compra>26-08-2022</fecha_compra>
            <fecha_entrega>1-09-2022</fecha_entrega>
            <total_factura>64€</total_factura>
            <producto>
                <nombre_producto>Camiseta Manga Larga Collegiate Gris</nombre_producto>
                <referencia>01</referencia>
                <precio>32€</precio>
                <unidades>2</unidades>
            </producto>
        </datosPedido>
    </pedido>
    <pedido>
        <numero>73</numero>
        <nombre>Wayland</nombre>
        <apellido>Windram</apellido>
        <telefono>862-08-7017</telefono>
        <direccion>
            <calle>Eggendart</calle>
            <ciudad>Stockholm</ciudad>
            <codigo_postal>102 27</codigo_postal>
            <provincia>Stockholm</provincia>
        </direccion>
        <email>wwindram1o@google.fr</email>
        <fecha_inclusion>
            <fecha>1-09-2022</fecha>
            <año>2022</año>
            <trimestre>8</trimestre>
        </fecha_inclusion>
        <datosPedido>
            <id_pedido>73</id_pedido>
            <fecha_compra>2-09-2022</fecha_compra>
            <fecha_entrega>7-09-2022</fecha_entrega>
            <total_factura>17€</total_factura>
            <producto>
                <nombre_producto>Gorra 5P Adidas Niño</nombre_producto>
                <referencia>01</referencia>
                <precio>17€</precio>
                <unidades>1</unidades>
            </producto>
        </datosPedido>
    </pedido>
    <pedido>
        <numero>74</numero>
        <nombre>Althea</nombre>
        <apellido>Anand</apellido>
        <telefono>825-22-2785</telefono>
        <direccion>
            <calle>Brentwood</calle>
            <ciudad>Chemnitz</ciudad>
            <codigo_postal>09116</codigo_postal>
            <provincia>Sachsen</provincia>
        </direccion>
        <email>aanandi@qq.com</email>
        <fecha_inclusion>
            <fecha>1-10-2022</fecha>
            <año>2022</año>
            <trimestre>8</trimestre>
        </fecha_inclusion>
        <datosPedido>
            <id_pedido>74</id_pedido>
            <fecha_compra>4-10-2022</fecha_compra>
            <fecha_entrega>10-10-2022</fecha_entrega>
            <total_factura>128€</total_factura>
            <producto>
                <nombre_producto>Pantalon TeamGeist</nombre_producto>
                <referencia>01</referencia>
                <precio>64€</precio>
                <unidades>2</unidades>
            </producto>
        </datosPedido>
    </pedido>
    <pedido>
        <numero>75</numero>
        <nombre>Godart</nombre>
        <apellido>Collin</apellido>
        <telefono>564-16-2519</telefono>
        <direccion>
            <calle>Portage</calle>
            <ciudad>Washington</ciudad>
            <codigo_postal>20508</codigo_postal>
            <provincia>District of Columbia</provincia>
        </direccion>
        <email>gcollink@bloglovin.com</email>
        <fecha_inclusion>
            <fecha>25-10-2022</fecha>
            <año>2022</año>
            <trimestre>8</trimestre>
        </fecha_inclusion>
        <datosPedido>
            <id_pedido>75</id_pedido>
            <fecha_compra>28-10-2022</fecha_compra>
            <fecha_entrega>4-11-2022</fecha_entrega>
            <total_factura>70€</total_factura>
            <producto>
                <nombre_producto>Bañador Adidas Hombre</nombre_producto>
                <referencia>01</referencia>
                <precio>35€</precio>
                <unidades>2</unidades>
            </producto>
        </datosPedido>
    </pedido>
    <pedido>
        <numero>76</numero>
        <nombre>Royce</nombre>
        <apellido>Habbema</apellido>
        <telefono>318-78-9625</telefono>
        <direccion>
            <calle>Troy</calle>
            <ciudad>Campelos</ciudad>
            <codigo_postal>2565-035</codigo_postal>
            <provincia>Lisboa</provincia>
        </direccion>
        <email>rhabbema21@sohu.com</email>
        <fecha_inclusion>
            <fecha>18-11-2022</fecha>
            <año>2022</año>
            <trimestre>8</trimestre>
        </fecha_inclusion>
        <datosPedido>
            <id_pedido>76</id_pedido>
            <fecha_compra>22-11-2022</fecha_compra>
            <fecha_entrega>24-11-2022</fecha_entrega>
            <total_factura>4500€</total_factura>
            <producto>
                <nombre_producto>Camiseta Cuello Redondo Hombre</nombre_producto>
                <referencia>01</referencia>
                <precio>45€</precio>
                <unidades>1000</unidades>
            </producto>
        </datosPedido>
    </pedido>
    <pedido>
        <numero>77</numero>
        <nombre>Maxi</nombre>
        <apellido>Childes</apellido>
        <telefono>312-75-3893</telefono>
        <direccion>
            <calle>Pleasure</calle>
            <ciudad>Bakersfield</ciudad>
            <codigo_postal>93305</codigo_postal>
            <provincia>California</provincia>
        </direccion>
        <email>mchildes24@friendfeed.com</email>
        <fecha_inclusion>
            <fecha>26-11-2022</fecha>
            <año>2022</año>
            <trimestre>8</trimestre>
        </fecha_inclusion>
        <datosPedido>
            <id_pedido>77</id_pedido>
            <fecha_compra>26-11-2022</fecha_compra>
            <fecha_entrega>1-12-2022</fecha_entrega>
            <total_factura>96€</total_factura>
            <producto>
                <nombre_producto>Camiseta Manga Larga Collegiate Gris</nombre_producto>
                <referencia>01</referencia>
                <precio>32€</precio>
                <unidades>3</unidades>
            </producto>
        </datosPedido>
    </pedido>
    <pedido>
        <numero>78</numero>
        <nombre>Mariya</nombre>
        <apellido>McGarvey</apellido>
        <telefono>260-14-4972</telefono>
        <direccion>
            <calle>Pleasure</calle>
            <ciudad>Terneuzen</ciudad>
            <codigo_postal>4534</codigo_postal>
            <provincia>Provincie Zeeland</provincia>
        </direccion>
        <email>mmcgarvey27@macromedia.com</email>
        <fecha_inclusion>
            <fecha>26-11-2022</fecha>
            <año>2022</año>
            <trimestre>8</trimestre>
        </fecha_inclusion>
        <datosPedido>
            <id_pedido>78</id_pedido>
            <fecha_compra>28-11-2022</fecha_compra>
            <fecha_entrega>6-12-2022</fecha_entrega>
            <total_factura>420€</total_factura>
            <producto>
                <nombre_producto>Camiseta Authentic Hombre Tercera Equipacion</nombre_producto>
                <referencia>01</referencia>
                <precio>140€</precio>
                <unidades>3</unidades>
            </producto>
        </datosPedido>
    </pedido>
    <pedido>
        <numero>79</numero>
        <nombre>Sidney</nombre>
        <apellido>Burgis</apellido>
        <telefono>340-12-1598</telefono>
        <direccion>
            <calle>Anthes</calle>
            <ciudad>Farinheiras</ciudad>
            <codigo_postal>2840-044</codigo_postal>
            <provincia>Setúbal</provincia>
        </direccion>
        <email>sburgis28@nhs.uk</email>
        <fecha_inclusion>
            <fecha>10-12-2022</fecha>
            <año>2022</año>
            <trimestre>8</trimestre>
        </fecha_inclusion>
        <datosPedido>
            <id_pedido>79</id_pedido>
            <fecha_compra>10-12-2022</fecha_compra>
            <fecha_entrega>12-12-2022</fecha_entrega>
            <total_factura>88€</total_factura>
            <producto>
                <nombre_producto>Pantalon De Chandal Real Madrid Niño</nombre_producto>
                <referencia>01</referencia>
                <precio>22€</precio>
                <unidades>4</unidades>
            </producto>
        </datosPedido>
    </pedido>
    <pedido>
        <numero>80</numero>
        <nombre>Selia</nombre>
        <apellido>Schimmang</apellido>
        <telefono>239-55-0876</telefono>
        <direccion>
            <calle>Meadow Vale</calle>
            <ciudad>Duas Igrejas</ciudad>
            <codigo_postal>3700-819</codigo_postal>
            <provincia>Aveiro</provincia>
        </direccion>
        <email>sschimmang2@harvard.edu</email>
        <fecha_inclusion>
            <fecha>16-12-2022</fecha>
            <año>2022</año>
            <trimestre>8</trimestre>
        </fecha_inclusion>
        <datosPedido>
            <id_pedido>80</id_pedido>
            <fecha_compra>16-12-2022</fecha_compra>
            <fecha_entrega>22-12-2022</fecha_entrega>
            <total_factura>16€</total_factura>
            <producto>
                <nombre_producto>Medias Tercera Equipacion Verdes</nombre_producto>
                <referencia>01</referencia>
                <precio>16€</precio>
                <unidades>1</unidades>
            </producto>
        </datosPedido>
    </pedido>
</pedidos>